{"cameraMode":{"drawMode":0,"name":"Shaded","section":"Shading Mode"},"sceneLighting":false,"audioPlay":false,"sceneViewState":{"m_AlwaysRefresh":false,"showFog":true,"showSkybox":false,"showFlares":true,"showImageEffects":true,"showParticleSystems":true,"showVisualEffectGraphs":true,"m_FxEnabled":true},"in2DMode":false,"pivot":{"x":-2.080833911895752,"y":1.311499834060669,"z":-0.6964519619941711},"rotation":{"x":0.20363183319568635,"y":0.47698909044265749,"z":-0.11456692218780518,"w":0.8473672866821289},"size":1.5311989784240723,"orthographic":false}