{"cameraMode":{"drawMode":0,"name":"Shaded","section":"Shading Mode"},"sceneLighting":true,"audioPlay":false,"sceneViewState":{"m_AlwaysRefresh":false,"showFog":true,"showSkybox":true,"showFlares":true,"showImageEffects":true,"showParticleSystems":true,"showVisualEffectGraphs":true,"m_FxEnabled":true},"in2DMode":false,"pivot":{"x":416.2633056640625,"y":559.0479125976563,"z":1007.6880493164063},"rotation":{"x":0.0077625964768230919,"y":-0.060896195471286777,"z":0.0011132073123008013,"w":0.9982516765594482},"size":760.014404296875,"orthographic":false}