{"cameraMode":{"drawMode":0,"name":"Shaded","section":"Shading Mode"},"sceneLighting":true,"audioPlay":false,"sceneViewState":{"m_AlwaysRefresh":false,"showFog":true,"showSkybox":true,"showFlares":true,"showImageEffects":true,"showParticleSystems":true,"showVisualEffectGraphs":true,"m_FxEnabled":true},"in2DMode":false,"pivot":{"x":31.479724884033204,"y":-46.09848403930664,"z":107.14385223388672},"rotation":{"x":-0.19536460936069489,"y":-0.1378420740365982,"z":0.025858774781227113,"w":-0.9708744287490845},"size":67.21735382080078,"orthographic":false}